{"cameraMode":{"drawMode":0,"name":"Shaded","section":"Shading Mode"},"sceneLighting":true,"audioPlay":false,"sceneViewState":{"showFog":true,"showMaterialUpdate":false,"showSkybox":true,"showFlares":true,"showImageEffects":true,"showParticleSystems":true},"in2DMode":false,"pivot":{"x":-0.17067943513393403,"y":1.3798975944519044,"z":-10.454891204833985},"rotation":{"x":-0.08463526517152786,"y":0.15686020255088807,"z":-0.013493155129253865,"w":-0.9838969111442566},"size":0.5616339445114136,"orthographic":false}