{"cameraMode":{"drawMode":0,"name":"Shaded","section":"Shading Mode"},"sceneLighting":true,"audioPlay":false,"sceneViewState":{"showFog":true,"showMaterialUpdate":false,"showSkybox":true,"showFlares":true,"showImageEffects":true,"showParticleSystems":true},"in2DMode":false,"pivot":{"x":18.037506103515626,"y":-11.811735153198243,"z":-3.267313241958618},"rotation":{"x":-0.3145492970943451,"y":-0.2731541097164154,"z":0.09503413736820221,"w":-0.9041192531585693},"size":51.804386138916019,"orthographic":false}